[
  {
    "title": "Logo Creche Infantil",
    "client": "Creche Pequenos Sonhos",
    "beforeImageUrl": "/attached_assets/image_1763748532044.png",
    "afterImageUrl": "/attached_assets/Logo 1_1763748541496.png",
    "order": 1
  },
  {
    "title": "Identidade Visual Tech Startup",
    "client": "InnovateTech Solutions",
    "beforeImageUrl": "https://images.unsplash.com/photo-1626785774625-ddcddc3445e9?w=400&h=400&fit=crop",
    "afterImageUrl": "https://images.unsplash.com/photo-1561070791-2526d30994b5?w=400&h=400&fit=crop",
    "order": 2
  },
  {
    "title": "Redesign Website Cafeteria",
    "client": "Café Premium Aromas",
    "beforeImageUrl": "https://images.unsplash.com/photo-1542744173-8e7e53415bb0?w=400&h=400&fit=crop",
    "afterImageUrl": "https://images.unsplash.com/photo-1547658718-1cdaa0852790?w=400&h=400&fit=crop",
    "order": 3
  }
]
